fname, entry_degree_within_sim, entry_degree_btw_sim, gender_within_sim, gender_btw_sim, total_income_within_sim, total_income_btw_sim, father_income_within_sim, father_income_btw_sim, mother_income_within_sim, mother_income_btw_sim
Ac57,0.22808302808302805, 0.23593679138322, 0.6845746845746845, 0.6163180272108844, 1.8408221408221408, 1.8828713151927441, 1.0293447293447293, 1.0159013605442178, 1.4109076109076111, 1.365093537414966
ICT55,0.17261904761904762, 0.2138888888888889, 0.7875, 0.7541666666666668, 2.5273809523809523, 2.5375000000000001, 1.6630952380952382, 1.4625000000000001, 1.513095238095238, 1.9361111111111109
ICT57-All,0.5144230769230769, 0.017857142857142856, 0.5682692307692307, 0.5, 1.7108516483516483, 6.0089285714285712, 0.96978021978021978, 3.0803571428571428, 0.98282967032967028, 2.9375
Niti55,0.16666666666666666, 0.19999999999999998, 0.6666666666666666, 0.6533333333333333, 1.6444444444444446, 1.5199999999999998, 0.8666666666666667, 0.80666666666666664, 1.1555555555555557, 1.02
Niti56,0.23703703703703702, 0.26808994708994704, 0.5955026455026455, 0.4685555555555556, 2.2436507936507941, 2.398582010582011, 1.3156084656084654, 1.3338809523809523, 1.2206349206349205, 1.2646746031746032
HM Korea57,0.3540584415584416, 0.2540246212121212, 0.9545454545454546, 0.9545454545454546, 2.0036796536796535, 1.9412878787878789, 1.3598484848484849, 1.2798295454545456, 1.5597402597402596, 1.4417613636363633
Nited56,0.19444444444444445, 0.19249999999999998, 0.5266666666666666, 0.4932142857142857, 1.9685714285714286, 2.9257142857142853, 1.0512698412698414, 1.520357142857143, 1.2820634920634921, 1.5871428571428572
EC55,0.23015873015873015, 0.3126984126984127, 0.746031746031746, 0.7142857142857143, 2.5396825396825395, 2.3825396825396825, 1.4158730158730159, 1.4539682539682541, 1.3936507936507938, 1.319047619047619
